学生ID,姓名,性别,年级,专业,入学年份,生源地,联系电话,宿舍号
STU000001,学生1,男,大二,信息管理,2021,湖北,18219540831,C区1栋325
STU000002,学生2,女,大三,工商管理,2022,浙江,13896233790,D区5栋156
STU000003,学生3,男,大一,物流管理,2023,江苏,15362950628,A区2栋408
STU000004,学生4,男,大一,市场营销,2021,福建,14249827706,B区2栋361
STU000005,学生5,男,大一,信息管理,2020,江苏,18210053353,C区3栋222
STU000006,学生6,女,大一,数据科学,2022,江苏,18895285932,A区4栋540
STU000007,学生7,男,大四,计算机科学,2021,四川,17193349856,B区2栋489
STU000008,学生8,男,大一,信息管理,2020,河南,17553035110,B区5栋672
STU000009,学生9,男,大四,数据科学,2022,河南,13131994523,C区1栋506
STU000010,学生10,女,大四,物流管理,2020,浙江,13334760738,A区4栋119
STU000011,学生11,男,大一,物流管理,2022,四川,14642621108,D区1栋420
STU000012,学生12,男,大一,计算机科学,2023,江苏,17128492780,D区5栋514
STU000013,学生13,男,大二,电子商务,2021,山东,17313500298,D区3栋217
STU000014,学生14,男,大三,计算机科学,2020,河南,18797808098,D区1栋432
STU000015,学生15,女,大一,工商管理,2022,福建,18685126461,B区5栋571
STU000016,学生16,男,大二,信息管理,2020,福建,16336696312,C区1栋547
STU000017,学生17,女,大二,市场营销,2020,北京,16732719211,A区2栋546
STU000018,学生18,女,大三,电子商务,2021,上海,15969119330,D区5栋180
STU000019,学生19,女,大四,计算机科学,2023,山东,19106977991,D区3栋447
STU000020,学生20,男,大一,数据科学,2020,河南,19965241839,B区3栋272
STU000021,学生21,女,大三,电子商务,2022,广东,14849621470,A区5栋216
STU000022,学生22,男,大一,信息管理,2022,河南,16465341213,B区3栋459
STU000023,学生23,女,大二,电子商务,2023,北京,15266944844,B区2栋205
STU000024,学生24,女,大二,信息管理,2022,福建,14919795579,B区3栋302
STU000025,学生25,女,大四,计算机科学,2023,江苏,15209747451,B区5栋256
STU000026,学生26,女,大二,信息管理,2022,广东,13507943839,A区2栋605
STU000027,学生27,女,大二,电子商务,2021,四川,13485451171,D区5栋693
STU000028,学生28,女,大三,数据科学,2020,湖北,19469319644,D区6栋678
STU000029,学生29,女,大一,物流管理,2021,江苏,17384027113,C区6栋423
STU000030,学生30,女,大一,电子商务,2020,湖北,19146654552,B区4栋169
STU000031,学生31,男,大三,信息管理,2020,山东,18593303705,D区4栋410
STU000032,学生32,男,大四,物流管理,2020,上海,17234031070,C区5栋157
STU000033,学生33,女,大一,信息管理,2021,广东,16184611066,C区5栋175
STU000034,学生34,女,大二,数据科学,2020,浙江,17414797776,C区4栋562
STU000035,学生35,女,大一,信息管理,2021,广东,19774996843,A区1栋477
STU000036,学生36,男,大二,计算机科学,2023,河南,17488302652,C区1栋192
STU000037,学生37,女,大四,市场营销,2022,福建,17306468299,D区4栋694
STU000038,学生38,男,大三,电子商务,2022,河南,18174684276,A区4栋685
STU000039,学生39,男,大一,市场营销,2020,河南,13810026086,B区3栋587
STU000040,学生40,男,大三,信息管理,2021,山东,14930075810,B区1栋561
STU000041,学生41,男,大一,数据科学,2022,江苏,15185675980,A区3栋186
STU000042,学生42,男,大二,电子商务,2021,浙江,19349957310,B区1栋353
STU000043,学生43,女,大三,信息管理,2021,浙江,19208449460,D区4栋636
STU000044,学生44,女,大一,物流管理,2020,河南,16398471886,B区3栋481
STU000045,学生45,女,大二,工商管理,2022,湖北,16782560971,C区4栋518
STU000046,学生46,女,大三,信息管理,2020,山东,19491735568,C区6栋153
STU000047,学生47,女,大三,市场营销,2020,河南,14497478786,C区1栋437
STU000048,学生48,男,大一,电子商务,2022,上海,15324956459,A区5栋495
STU000049,学生49,女,大一,市场营销,2022,福建,18386665249,C区3栋253
STU000050,学生50,女,大一,电子商务,2023,江苏,18833953718,C区1栋696
STU000051,学生51,男,大二,信息管理,2023,四川,18176667861,B区3栋417
STU000052,学生52,女,大一,计算机科学,2021,上海,17781802744,D区2栋186
STU000053,学生53,男,大三,物流管理,2022,湖北,14673528321,C区5栋485
STU000054,学生54,女,大三,信息管理,2023,广东,18362863730,C区2栋639
STU000055,学生55,男,大一,市场营销,2021,广东,14596348124,A区6栋533
STU000056,学生56,女,大一,工商管理,2021,上海,16389854268,C区1栋471
STU000057,学生57,女,大四,工商管理,2021,河南,18838908273,C区2栋319
STU000058,学生58,男,大三,数据科学,2023,四川,17335809993,C区4栋296
STU000059,学生59,男,大二,电子商务,2022,北京,18448195935,B区2栋258
STU000060,学生60,男,大四,市场营销,2020,北京,19924970419,A区3栋203
STU000061,学生61,男,大一,数据科学,2021,湖北,19160062915,A区6栋444
STU000062,学生62,男,大一,市场营销,2023,河南,14982403818,B区5栋485
STU000063,学生63,男,大三,电子商务,2023,浙江,13964411347,B区2栋285
STU000064,学生64,男,大一,信息管理,2020,浙江,15530747414,B区6栋548
STU000065,学生65,男,大二,信息管理,2020,江苏,15171069472,A区4栋473
STU000066,学生66,女,大三,工商管理,2023,四川,14709004943,B区4栋391
STU000067,学生67,女,大一,信息管理,2022,四川,18437882805,D区2栋646
STU000068,学生68,男,大三,信息管理,2020,广东,14803771909,B区3栋580
STU000069,学生69,女,大一,计算机科学,2023,山东,16524806516,B区3栋684
STU000070,学生70,女,大一,工商管理,2020,湖北,18592688426,D区4栋388
STU000071,学生71,女,大一,数据科学,2022,北京,14384412919,D区5栋640
STU000072,学生72,女,大二,物流管理,2021,湖北,14364814270,D区2栋304
STU000073,学生73,男,大二,计算机科学,2020,浙江,18702764446,B区3栋153
STU000074,学生74,女,大三,数据科学,2022,浙江,17382116655,D区3栋667
STU000075,学生75,男,大一,电子商务,2023,上海,18727694430,A区6栋628
STU000076,学生76,女,大一,计算机科学,2020,江苏,16726563708,A区3栋185
STU000077,学生77,女,大二,数据科学,2020,四川,16488690725,B区3栋560
STU000078,学生78,女,大一,电子商务,2023,福建,14248532577,B区4栋193
STU000079,学生79,男,大二,工商管理,2021,湖北,17629908599,B区4栋457
STU000080,学生80,女,大一,物流管理,2023,浙江,13911514914,A区4栋154
STU000081,学生81,男,大三,电子商务,2020,山东,13217734861,D区5栋482
STU000082,学生82,女,大一,信息管理,2023,广东,14773715057,B区4栋183
STU000083,学生83,男,大一,市场营销,2022,北京,14950488739,C区2栋128
STU000084,学生84,女,大四,电子商务,2023,江苏,18553290810,C区1栋443
STU000085,学生85,男,大二,电子商务,2020,山东,17168212356,B区2栋139
STU000086,学生86,男,大一,物流管理,2023,江苏,16509760584,C区4栋242
STU000087,学生87,女,大一,市场营销,2021,上海,17602564736,D区4栋105
STU000088,学生88,男,大四,信息管理,2023,福建,17369953851,A区1栋362
STU000089,学生89,女,大四,数据科学,2021,浙江,17112327652,B区2栋661
STU000090,学生90,女,大二,数据科学,2022,广东,18873869166,D区1栋395
STU000091,学生91,女,大四,电子商务,2021,山东,13831980933,B区3栋224
STU000092,学生92,女,大三,市场营销,2023,江苏,17906248900,A区2栋529
STU000093,学生93,女,大四,市场营销,2020,四川,15925276600,D区1栋213
STU000094,学生94,女,大三,信息管理,2021,上海,18465260635,D区5栋648
STU000095,学生95,女,大二,物流管理,2022,四川,13415143362,A区6栋627
STU000096,学生96,女,大二,工商管理,2021,广东,16269820594,B区6栋247
STU000097,学生97,女,大二,数据科学,2021,山东,16103484630,C区4栋101
STU000098,学生98,女,大二,物流管理,2021,上海,18872751234,C区2栋684
STU000099,学生99,女,大二,计算机科学,2022,山东,15637500247,D区2栋187
STU000100,学生100,男,大三,数据科学,2023,浙江,19291825997,C区1栋638
STU000101,学生101,男,大三,物流管理,2021,河南,17214257751,A区4栋581
STU000102,学生102,女,大二,数据科学,2021,上海,19771410971,A区6栋496
STU000103,学生103,女,大四,工商管理,2020,四川,15786066793,C区3栋116
STU000104,学生104,女,大一,计算机科学,2022,广东,17753876785,C区1栋453
STU000105,学生105,女,大二,工商管理,2021,福建,14264109919,B区6栋206
STU000106,学生106,女,大四,信息管理,2022,浙江,15918739736,C区2栋145
STU000107,学生107,女,大一,计算机科学,2021,河南,14679153816,C区5栋446
STU000108,学生108,女,大二,电子商务,2023,福建,19669462919,B区6栋575
STU000109,学生109,女,大二,物流管理,2023,北京,13743111853,D区6栋286
STU000110,学生110,男,大三,计算机科学,2021,浙江,15624636385,B区1栋568
STU000111,学生111,女,大一,信息管理,2023,广东,13220117054,A区3栋306
STU000112,学生112,男,大一,信息管理,2021,江苏,15992994062,A区2栋142
STU000113,学生113,女,大四,工商管理,2023,上海,19430190783,C区3栋627
STU000114,学生114,女,大三,数据科学,2020,山东,14162196678,D区5栋584
STU000115,学生115,男,大三,计算机科学,2020,广东,14709194872,C区1栋295
STU000116,学生116,女,大三,物流管理,2020,上海,13191969690,C区3栋148
STU000117,学生117,男,大三,计算机科学,2022,福建,18621828280,C区3栋227
STU000118,学生118,女,大一,市场营销,2022,山东,19174316370,C区4栋509
STU000119,学生119,女,大一,数据科学,2020,湖北,19671988889,D区4栋447
STU000120,学生120,男,大二,物流管理,2022,四川,19235034324,B区4栋609
STU000121,学生121,女,大二,物流管理,2023,北京,14808402051,C区5栋373
STU000122,学生122,男,大三,电子商务,2021,浙江,16690347116,A区6栋534
STU000123,学生123,女,大三,工商管理,2021,广东,14384602384,A区4栋284
STU000124,学生124,男,大三,电子商务,2021,北京,17751325257,C区3栋205
STU000125,学生125,男,大二,物流管理,2020,江苏,16327416584,A区3栋402
STU000126,学生126,女,大四,数据科学,2022,上海,17910959828,C区4栋536
STU000127,学生127,女,大四,计算机科学,2023,上海,18840739735,B区6栋554
STU000128,学生128,男,大二,计算机科学,2023,广东,14865523129,C区4栋143
STU000129,学生129,女,大二,数据科学,2020,河南,15528414718,C区5栋545
STU000130,学生130,女,大二,物流管理,2023,河南,18797801251,C区6栋158
STU000131,学生131,女,大二,信息管理,2023,湖北,15570406376,A区6栋515
STU000132,学生132,男,大二,计算机科学,2023,四川,17584779555,C区5栋263
STU000133,学生133,男,大二,信息管理,2023,山东,13366186631,A区2栋548
STU000134,学生134,男,大三,计算机科学,2022,江苏,14168747287,A区2栋168
STU000135,学生135,男,大三,计算机科学,2023,北京,15122585366,B区6栋475
STU000136,学生136,男,大三,工商管理,2021,河南,17694768704,C区4栋680
STU000137,学生137,男,大三,工商管理,2020,湖北,14731832764,A区5栋257
STU000138,学生138,男,大二,市场营销,2022,湖北,14107721109,D区3栋480
STU000139,学生139,男,大四,电子商务,2023,广东,13860038427,D区1栋687
STU000140,学生140,男,大一,数据科学,2022,江苏,18163215224,B区5栋475
STU000141,学生141,女,大二,数据科学,2023,福建,14172370545,D区3栋385
STU000142,学生142,男,大一,数据科学,2021,山东,13454794895,B区1栋126
STU000143,学生143,女,大四,市场营销,2020,四川,13652070932,B区4栋630
STU000144,学生144,女,大三,工商管理,2023,浙江,14399012686,D区5栋220
STU000145,学生145,女,大四,物流管理,2023,广东,18621209849,C区3栋556
STU000146,学生146,男,大二,信息管理,2023,山东,14678998028,B区5栋392
STU000147,学生147,男,大三,信息管理,2023,浙江,14876693898,D区2栋225
STU000148,学生148,男,大二,物流管理,2020,浙江,17718702544,B区1栋562
STU000149,学生149,男,大三,市场营销,2020,江苏,16360916298,B区6栋555
STU000150,学生150,女,大一,物流管理,2021,江苏,19607850824,A区6栋427
STU000151,学生151,男,大一,数据科学,2020,北京,19537077308,C区6栋166
STU000152,学生152,男,大一,电子商务,2023,湖北,14201281557,C区3栋261
STU000153,学生153,男,大四,计算机科学,2021,山东,13807577342,B区3栋620
STU000154,学生154,男,大二,信息管理,2021,广东,16480424119,B区1栋305
STU000155,学生155,男,大四,工商管理,2021,上海,16541417711,B区2栋605
STU000156,学生156,女,大一,工商管理,2023,广东,16882839238,A区3栋667
STU000157,学生157,男,大二,市场营销,2022,北京,13823019672,C区4栋664
STU000158,学生158,女,大一,工商管理,2023,四川,18793830224,B区5栋188
STU000159,学生159,男,大四,数据科学,2020,湖北,13165082363,A区3栋507
STU000160,学生160,女,大四,信息管理,2020,上海,16881913386,D区5栋520
STU000161,学生161,男,大四,物流管理,2023,河南,15959629660,D区5栋175
STU000162,学生162,男,大一,数据科学,2023,四川,19217326729,B区3栋175
STU000163,学生163,女,大二,市场营销,2021,江苏,14305718272,D区4栋629
STU000164,学生164,女,大二,数据科学,2023,浙江,14675832441,C区2栋664
STU000165,学生165,女,大一,物流管理,2021,河南,16250519597,B区2栋543
STU000166,学生166,男,大二,电子商务,2020,广东,16297018781,A区1栋630
STU000167,学生167,女,大一,市场营销,2021,广东,15596743109,B区3栋268
STU000168,学生168,男,大二,电子商务,2023,江苏,14180943908,B区3栋330
STU000169,学生169,男,大三,计算机科学,2020,北京,16967607278,C区5栋390
STU000170,学生170,女,大三,电子商务,2022,山东,19690907304,A区3栋301
STU000171,学生171,女,大四,计算机科学,2021,河南,13154318806,C区2栋410
STU000172,学生172,男,大三,计算机科学,2020,河南,18680451872,A区5栋272
STU000173,学生173,男,大三,电子商务,2021,福建,19115846122,B区2栋445
STU000174,学生174,女,大三,市场营销,2020,四川,13909134796,A区1栋183
STU000175,学生175,女,大一,物流管理,2020,湖北,19353810544,A区6栋690
STU000176,学生176,女,大三,数据科学,2021,四川,14536383774,C区6栋315
STU000177,学生177,男,大三,数据科学,2022,山东,16616854671,D区5栋131
STU000178,学生178,男,大四,物流管理,2020,广东,14530613729,D区6栋658
STU000179,学生179,男,大三,信息管理,2020,广东,13276777762,C区6栋409
STU000180,学生180,男,大三,信息管理,2020,广东,16102314313,D区2栋515
STU000181,学生181,男,大二,计算机科学,2022,福建,16384759615,C区4栋174
STU000182,学生182,男,大四,计算机科学,2022,广东,19943026227,A区2栋550
STU000183,学生183,女,大四,市场营销,2023,山东,16406284028,D区4栋575
STU000184,学生184,男,大四,工商管理,2021,江苏,16847959430,B区3栋247
STU000185,学生185,男,大四,电子商务,2022,湖北,18941128035,C区6栋426
STU000186,学生186,男,大四,计算机科学,2021,山东,17810678904,C区4栋233
STU000187,学生187,女,大四,数据科学,2023,湖北,18622559454,C区5栋675
STU000188,学生188,男,大一,市场营销,2021,山东,14303901283,A区3栋347
STU000189,学生189,男,大三,电子商务,2022,广东,15333754555,D区1栋373
STU000190,学生190,女,大四,市场营销,2021,江苏,13721890096,D区2栋244
STU000191,学生191,男,大三,电子商务,2022,河南,18682177668,A区1栋397
STU000192,学生192,男,大三,电子商务,2021,四川,13903132646,D区5栋528
STU000193,学生193,男,大一,物流管理,2022,浙江,15161380746,B区2栋435
STU000194,学生194,男,大四,计算机科学,2022,江苏,13727255918,C区2栋263
STU000195,学生195,男,大二,市场营销,2021,河南,16639931481,D区5栋578
STU000196,学生196,女,大一,市场营销,2023,北京,19670292350,D区3栋609
STU000197,学生197,女,大二,物流管理,2020,山东,14161073976,A区1栋502
STU000198,学生198,女,大三,数据科学,2023,北京,17186019028,D区2栋320
STU000199,学生199,男,大三,数据科学,2021,河南,19299528037,C区1栋151
STU000200,学生200,男,大一,信息管理,2023,江苏,13738914080,C区4栋581
STU000201,学生201,男,大一,计算机科学,2022,山东,13825003955,C区5栋108
STU000202,学生202,女,大二,计算机科学,2020,浙江,19352548261,A区4栋237
STU000203,学生203,男,大四,工商管理,2021,广东,16228727266,C区6栋474
STU000204,学生204,男,大二,物流管理,2021,山东,17364371717,D区3栋146
STU000205,学生205,女,大一,数据科学,2021,山东,17738360085,D区1栋683
STU000206,学生206,男,大二,电子商务,2020,江苏,13765055833,B区3栋666
STU000207,学生207,女,大一,市场营销,2022,江苏,13550139320,C区1栋495
STU000208,学生208,女,大二,计算机科学,2021,河南,18726713347,D区5栋386
STU000209,学生209,女,大一,市场营销,2023,上海,17661333669,A区2栋199
STU000210,学生210,男,大一,市场营销,2021,山东,15379995032,D区3栋447
STU000211,学生211,男,大一,工商管理,2021,四川,14819112790,C区2栋303
STU000212,学生212,男,大四,数据科学,2021,山东,18437352358,D区5栋141
STU000213,学生213,男,大二,计算机科学,2021,河南,14385201412,A区1栋240
STU000214,学生214,男,大二,市场营销,2022,湖北,16240529481,C区4栋631
STU000215,学生215,男,大二,计算机科学,2023,北京,18793101194,D区2栋627
STU000216,学生216,男,大一,电子商务,2022,广东,15590941149,B区3栋426
STU000217,学生217,女,大二,工商管理,2023,上海,15907308348,B区4栋406
STU000218,学生218,男,大二,电子商务,2021,浙江,13110002396,C区5栋621
STU000219,学生219,女,大一,计算机科学,2020,浙江,16766964667,D区6栋676
STU000220,学生220,男,大三,信息管理,2022,浙江,17207354053,C区4栋117
STU000221,学生221,男,大一,计算机科学,2020,江苏,13677280546,C区3栋212
STU000222,学生222,男,大二,数据科学,2022,浙江,14643189555,D区5栋415
STU000223,学生223,女,大一,市场营销,2021,广东,15242224154,A区5栋585
STU000224,学生224,女,大三,市场营销,2022,北京,15173864104,C区6栋692
STU000225,学生225,女,大一,电子商务,2021,浙江,14496776692,B区6栋152
STU000226,学生226,女,大二,工商管理,2022,山东,15269379374,D区2栋636
STU000227,学生227,男,大三,信息管理,2021,山东,16995226828,D区2栋348
STU000228,学生228,女,大四,物流管理,2021,江苏,17855420240,A区5栋212
STU000229,学生229,男,大二,市场营销,2023,广东,15756783995,B区1栋551
STU000230,学生230,男,大三,数据科学,2021,北京,19802201721,C区4栋255
STU000231,学生231,女,大三,电子商务,2023,上海,17108399996,D区6栋308
STU000232,学生232,女,大四,电子商务,2021,河南,18977358886,D区5栋582
STU000233,学生233,女,大一,物流管理,2020,北京,17421455482,A区6栋241
STU000234,学生234,女,大一,数据科学,2021,河南,18211225158,B区5栋432
STU000235,学生235,女,大二,工商管理,2020,湖北,14383968123,D区5栋485
STU000236,学生236,女,大四,数据科学,2020,河南,13214929002,C区2栋570
STU000237,学生237,女,大一,工商管理,2021,四川,18694019365,C区5栋462
STU000238,学生238,女,大四,数据科学,2020,山东,14392431670,C区5栋595
STU000239,学生239,男,大一,数据科学,2023,广东,15749431082,B区2栋385
STU000240,学生240,女,大三,计算机科学,2022,福建,14870530217,C区2栋404
STU000241,学生241,女,大一,电子商务,2021,江苏,15318610946,C区6栋312
STU000242,学生242,男,大四,数据科学,2020,四川,18781007818,D区3栋591
STU000243,学生243,女,大三,物流管理,2021,河南,19383450553,C区5栋380
STU000244,学生244,男,大三,数据科学,2023,浙江,17624557080,C区1栋687
STU000245,学生245,男,大三,市场营销,2021,广东,15154544899,D区4栋453
STU000246,学生246,女,大四,电子商务,2021,四川,13781057736,B区3栋143
STU000247,学生247,男,大二,市场营销,2020,江苏,16990505735,C区6栋180
STU000248,学生248,男,大二,电子商务,2023,山东,15147337803,C区4栋362
STU000249,学生249,男,大二,市场营销,2022,广东,13458153605,D区2栋306
STU000250,学生250,男,大四,数据科学,2022,江苏,19240466536,C区5栋378
STU000251,学生251,女,大三,数据科学,2020,湖北,18381272327,B区1栋345
STU000252,学生252,男,大二,计算机科学,2021,湖北,14895890631,B区1栋643
STU000253,学生253,女,大四,物流管理,2020,江苏,16692362342,B区6栋338
STU000254,学生254,男,大二,市场营销,2020,四川,18559225330,A区1栋523
STU000255,学生255,男,大一,工商管理,2020,广东,17110382761,C区6栋583
STU000256,学生256,男,大二,计算机科学,2021,四川,13180792472,A区6栋240
STU000257,学生257,男,大二,市场营销,2023,上海,18260045822,A区5栋261
STU000258,学生258,女,大三,市场营销,2020,河南,17138684919,D区6栋587
STU000259,学生259,女,大四,计算机科学,2021,上海,19496442646,D区6栋304
STU000260,学生260,男,大三,数据科学,2023,湖北,17693269304,C区3栋392
STU000261,学生261,男,大三,市场营销,2020,山东,14561479973,A区1栋687
STU000262,学生262,女,大三,数据科学,2022,北京,14144913399,B区5栋138
STU000263,学生263,男,大三,计算机科学,2023,河南,15491541578,B区4栋280
STU000264,学生264,男,大三,数据科学,2020,湖北,19142836793,A区4栋607
STU000265,学生265,男,大二,电子商务,2023,四川,15325567963,B区6栋396
STU000266,学生266,女,大三,工商管理,2023,四川,18367930513,A区1栋405
STU000267,学生267,女,大三,信息管理,2023,四川,18210373808,A区3栋391
STU000268,学生268,女,大四,市场营销,2023,山东,15937643439,D区6栋656
STU000269,学生269,男,大一,物流管理,2023,上海,17536344399,D区2栋616
STU000270,学生270,男,大二,工商管理,2023,北京,17904745462,D区3栋297
STU000271,学生271,女,大二,信息管理,2020,四川,14354194771,A区3栋266
STU000272,学生272,女,大二,数据科学,2022,福建,19274484941,D区6栋363
STU000273,学生273,女,大三,市场营销,2021,河南,19970559510,B区1栋445
STU000274,学生274,女,大三,数据科学,2023,广东,14542697755,C区5栋297
STU000275,学生275,男,大三,电子商务,2021,福建,13292587044,B区5栋515
STU000276,学生276,女,大四,计算机科学,2020,北京,18456681425,D区5栋435
STU000277,学生277,男,大一,市场营销,2023,山东,19542073642,A区4栋197
STU000278,学生278,女,大三,信息管理,2022,北京,19819307302,B区2栋588
STU000279,学生279,男,大一,信息管理,2021,广东,19889262019,C区2栋106
STU000280,学生280,女,大四,电子商务,2023,河南,19366467544,C区4栋341
STU000281,学生281,女,大二,电子商务,2020,广东,15270937380,D区3栋437
STU000282,学生282,女,大三,市场营销,2022,江苏,19852991721,C区5栋686
STU000283,学生283,女,大一,数据科学,2021,河南,13510751046,A区3栋468
STU000284,学生284,男,大一,物流管理,2021,北京,19141580226,B区1栋221
STU000285,学生285,女,大三,信息管理,2023,四川,19605399561,D区3栋263
STU000286,学生286,男,大二,信息管理,2022,北京,14314289692,D区6栋614
STU000287,学生287,男,大二,电子商务,2022,北京,19594246837,C区6栋220
STU000288,学生288,男,大二,工商管理,2022,河南,15427696198,C区3栋326
STU000289,学生289,男,大四,电子商务,2022,江苏,19953995721,B区2栋589
STU000290,学生290,女,大一,物流管理,2020,北京,19344378798,B区4栋482
STU000291,学生291,男,大一,数据科学,2022,福建,14125409494,D区6栋662
STU000292,学生292,男,大一,数据科学,2021,湖北,18307371533,D区5栋323
STU000293,学生293,男,大四,工商管理,2021,浙江,16452468587,B区6栋183
STU000294,学生294,女,大一,信息管理,2020,浙江,15174539964,D区5栋470
STU000295,学生295,女,大四,电子商务,2021,北京,19399708182,A区5栋214
STU000296,学生296,女,大二,数据科学,2021,福建,15788785773,A区5栋617
STU000297,学生297,女,大三,物流管理,2022,四川,17529151399,B区5栋649
STU000298,学生298,男,大一,市场营销,2021,山东,18675757257,B区2栋435
STU000299,学生299,男,大一,计算机科学,2020,山东,15129635852,D区1栋310
STU000300,学生300,女,大二,计算机科学,2022,河南,13380477683,D区1栋622
STU000301,学生301,男,大三,计算机科学,2023,浙江,14723403479,D区1栋564
STU000302,学生302,男,大四,信息管理,2022,北京,15141078352,B区5栋525
STU000303,学生303,男,大三,电子商务,2020,山东,13740563507,D区5栋159
STU000304,学生304,女,大二,工商管理,2022,北京,16471178705,D区6栋415
STU000305,学生305,女,大二,数据科学,2022,河南,18944420824,A区4栋360
STU000306,学生306,男,大三,市场营销,2020,浙江,15568574364,A区6栋323
STU000307,学生307,女,大四,物流管理,2022,广东,17649136331,A区1栋533
STU000308,学生308,女,大四,市场营销,2020,湖北,13513600440,C区6栋165
STU000309,学生309,女,大一,物流管理,2020,湖北,17304095531,A区1栋583
STU000310,学生310,女,大四,信息管理,2023,山东,15147659674,A区3栋518
STU000311,学生311,女,大三,电子商务,2021,湖北,18568213197,B区2栋530
STU000312,学生312,男,大二,计算机科学,2021,广东,13658260221,C区4栋559
STU000313,学生313,女,大一,电子商务,2022,北京,19678158427,D区4栋182
STU000314,学生314,男,大一,信息管理,2022,河南,18872482077,B区6栋456
STU000315,学生315,男,大二,工商管理,2023,广东,18891388192,A区2栋650
STU000316,学生316,女,大四,工商管理,2023,河南,18311564862,D区5栋230
STU000317,学生317,男,大二,信息管理,2023,河南,15563102056,B区1栋123
STU000318,学生318,男,大四,物流管理,2020,浙江,13813219781,C区4栋657
STU000319,学生319,男,大二,数据科学,2023,北京,15769108025,D区5栋488
STU000320,学生320,女,大三,数据科学,2023,福建,15812306873,B区2栋571
STU000321,学生321,女,大四,物流管理,2022,湖北,19233815413,C区2栋382
STU000322,学生322,男,大三,工商管理,2023,福建,18422468580,B区6栋215
STU000323,学生323,女,大一,工商管理,2020,浙江,17432091877,A区6栋529
STU000324,学生324,女,大二,工商管理,2020,河南,18538508549,A区2栋311
STU000325,学生325,女,大一,电子商务,2022,山东,15532074125,A区1栋134
STU000326,学生326,女,大一,工商管理,2023,湖北,18417457352,D区5栋149
STU000327,学生327,男,大一,市场营销,2023,湖北,17236674237,B区6栋145
STU000328,学生328,男,大一,计算机科学,2020,北京,14551450815,D区4栋339
STU000329,学生329,女,大二,工商管理,2023,江苏,18507104143,B区1栋243
STU000330,学生330,女,大一,物流管理,2023,上海,18903303363,C区2栋689
STU000331,学生331,男,大二,计算机科学,2023,上海,14760904107,C区5栋428
STU000332,学生332,男,大二,电子商务,2021,上海,17423142470,B区3栋246
STU000333,学生333,女,大三,物流管理,2022,江苏,16688343096,B区4栋407
STU000334,学生334,男,大四,计算机科学,2021,北京,19100435874,C区1栋670
STU000335,学生335,女,大四,物流管理,2022,江苏,15408071259,B区6栋537
STU000336,学生336,女,大二,电子商务,2020,上海,14561588882,D区1栋452
STU000337,学生337,男,大三,市场营销,2023,浙江,19722753913,D区5栋426
STU000338,学生338,男,大二,电子商务,2022,广东,17802984810,D区4栋252
STU000339,学生339,女,大二,电子商务,2021,河南,15599277266,C区4栋288
STU000340,学生340,女,大二,物流管理,2023,江苏,16574765466,D区2栋330
STU000341,学生341,男,大三,信息管理,2020,北京,18329460134,C区6栋247
STU000342,学生342,女,大四,数据科学,2022,北京,17608079792,D区1栋675
STU000343,学生343,男,大三,工商管理,2022,福建,19954725078,D区4栋670
STU000344,学生344,女,大一,工商管理,2022,广东,18282204745,B区4栋348
STU000345,学生345,男,大三,市场营销,2023,山东,18191048514,C区2栋438
STU000346,学生346,男,大三,市场营销,2021,湖北,15653462378,A区4栋479
STU000347,学生347,男,大三,工商管理,2021,上海,18779615069,A区5栋295
STU000348,学生348,女,大三,数据科学,2022,山东,17459905654,A区3栋486
STU000349,学生349,女,大四,工商管理,2020,福建,13978775497,A区1栋292
STU000350,学生350,男,大一,信息管理,2020,上海,19352188235,B区4栋313
STU000351,学生351,女,大四,数据科学,2021,广东,18433310361,C区3栋115
STU000352,学生352,男,大四,市场营销,2020,福建,14966040317,B区2栋220
STU000353,学生353,男,大三,计算机科学,2021,上海,14258220114,D区2栋309
STU000354,学生354,女,大二,物流管理,2022,广东,13149621604,D区2栋665
STU000355,学生355,女,大二,信息管理,2021,四川,14610173760,C区3栋489
STU000356,学生356,男,大四,信息管理,2021,山东,17925159146,D区5栋467
STU000357,学生357,女,大四,市场营销,2022,山东,13588999385,C区3栋468
STU000358,学生358,女,大三,市场营销,2020,湖北,16776205431,D区4栋200
STU000359,学生359,男,大四,电子商务,2021,广东,17308773243,D区3栋308
STU000360,学生360,男,大三,信息管理,2021,江苏,18847704681,C区3栋523
STU000361,学生361,女,大二,电子商务,2022,四川,16630833445,A区5栋326
STU000362,学生362,男,大二,电子商务,2020,浙江,16361976301,B区1栋367
STU000363,学生363,男,大一,物流管理,2021,上海,14804436922,D区3栋256
STU000364,学生364,女,大二,电子商务,2022,四川,18105953697,B区3栋335
STU000365,学生365,男,大四,数据科学,2021,广东,19926830795,D区5栋351
STU000366,学生366,男,大二,工商管理,2023,河南,13935822550,D区5栋445
STU000367,学生367,女,大三,计算机科学,2022,上海,16334978881,C区4栋602
STU000368,学生368,女,大二,市场营销,2020,北京,14963406382,D区2栋460
STU000369,学生369,男,大一,数据科学,2020,山东,18656152900,B区2栋659
STU000370,学生370,男,大二,计算机科学,2020,广东,16153921577,D区2栋655
STU000371,学生371,女,大三,信息管理,2020,北京,17367574609,A区5栋134
STU000372,学生372,女,大三,信息管理,2021,湖北,19230307805,A区6栋149
STU000373,学生373,女,大四,信息管理,2021,福建,16243171768,A区4栋240
STU000374,学生374,女,大二,数据科学,2020,浙江,19598906879,B区1栋254
STU000375,学生375,男,大三,数据科学,2020,浙江,18670298515,A区2栋617
STU000376,学生376,女,大一,市场营销,2020,北京,17739362057,D区3栋161
STU000377,学生377,女,大四,工商管理,2021,山东,15910943524,D区6栋599
STU000378,学生378,男,大一,电子商务,2020,湖北,16757830420,A区1栋644
STU000379,学生379,女,大二,信息管理,2020,河南,19872314530,D区1栋117
STU000380,学生380,男,大二,物流管理,2023,山东,17558209399,C区5栋393
STU000381,学生381,女,大二,工商管理,2023,四川,19688273030,A区5栋540
STU000382,学生382,女,大四,物流管理,2020,浙江,16270894498,B区1栋198
STU000383,学生383,女,大三,市场营销,2022,四川,18609677794,B区2栋296
STU000384,学生384,男,大四,市场营销,2020,上海,16378304807,C区3栋373
STU000385,学生385,男,大一,市场营销,2023,江苏,19365471644,D区1栋482
STU000386,学生386,女,大四,计算机科学,2022,广东,19784683755,D区4栋678
STU000387,学生387,男,大一,物流管理,2022,湖北,15922286180,B区6栋331
STU000388,学生388,男,大四,工商管理,2020,山东,19659741412,C区6栋182
STU000389,学生389,男,大三,工商管理,2023,浙江,16772966010,A区1栋515
STU000390,学生390,男,大一,数据科学,2023,四川,14394846763,D区4栋665
STU000391,学生391,男,大二,数据科学,2022,福建,16183197117,D区1栋109
STU000392,学生392,男,大二,信息管理,2020,上海,18406798268,B区1栋611
STU000393,学生393,女,大四,数据科学,2021,广东,14391751878,D区6栋439
STU000394,学生394,女,大二,市场营销,2021,广东,15443285529,A区5栋143
STU000395,学生395,男,大一,工商管理,2023,山东,17186519602,B区2栋680
STU000396,学生396,女,大二,物流管理,2021,湖北,14261953189,D区3栋147
STU000397,学生397,女,大三,市场营销,2023,河南,14511281012,A区6栋387
STU000398,学生398,女,大三,计算机科学,2023,福建,18264073400,A区2栋422
STU000399,学生399,女,大四,数据科学,2023,山东,18329730155,A区2栋247
STU000400,学生400,男,大一,市场营销,2021,四川,13545461013,D区1栋406
STU000401,学生401,女,大三,市场营销,2023,江苏,16455281184,B区5栋346
STU000402,学生402,女,大三,计算机科学,2022,北京,17600282414,D区6栋653
STU000403,学生403,男,大一,电子商务,2020,河南,16166857303,C区4栋243
STU000404,学生404,男,大二,工商管理,2020,湖北,14994310083,A区5栋454
STU000405,学生405,女,大二,物流管理,2023,上海,16518197538,A区1栋547
STU000406,学生406,女,大四,信息管理,2020,河南,19727150493,B区1栋448
STU000407,学生407,女,大二,电子商务,2021,浙江,18120972273,D区3栋130
STU000408,学生408,女,大一,数据科学,2021,湖北,19922050912,C区4栋602
STU000409,学生409,女,大三,市场营销,2020,江苏,17508431021,B区3栋666
STU000410,学生410,女,大二,计算机科学,2021,浙江,16106330865,D区4栋290
STU000411,学生411,男,大四,计算机科学,2020,河南,15420632895,D区1栋402
STU000412,学生412,女,大二,工商管理,2020,北京,19518744974,B区6栋175
STU000413,学生413,女,大一,电子商务,2020,北京,19997356828,A区3栋257
STU000414,学生414,男,大四,信息管理,2023,江苏,16677909930,D区6栋257
STU000415,学生415,男,大二,工商管理,2020,广东,18888807316,D区3栋469
STU000416,学生416,男,大四,市场营销,2023,福建,17958851904,A区1栋105
STU000417,学生417,男,大一,工商管理,2020,上海,17336801619,C区4栋468
STU000418,学生418,女,大三,物流管理,2020,广东,16335602191,C区1栋235
STU000419,学生419,女,大一,计算机科学,2020,北京,15567975319,A区2栋541
STU000420,学生420,女,大一,计算机科学,2021,北京,16131165166,D区5栋668
STU000421,学生421,女,大一,数据科学,2023,四川,16460916347,D区1栋126
STU000422,学生422,女,大一,数据科学,2023,浙江,18829223044,A区3栋667
STU000423,学生423,女,大三,信息管理,2020,河南,19534131719,A区5栋432
STU000424,学生424,男,大三,市场营销,2020,上海,18277215428,D区1栋398
STU000425,学生425,女,大四,物流管理,2021,江苏,19601856351,D区4栋186
STU000426,学生426,男,大二,电子商务,2021,河南,14768143326,B区5栋633
STU000427,学生427,男,大三,工商管理,2021,四川,17128955006,B区6栋489
STU000428,学生428,女,大三,信息管理,2023,北京,16735540030,B区2栋375
STU000429,学生429,男,大二,市场营销,2023,江苏,17811890569,C区3栋604
STU000430,学生430,女,大三,数据科学,2023,北京,13190137896,B区1栋271
STU000431,学生431,男,大一,工商管理,2020,上海,18560219456,D区3栋531
STU000432,学生432,女,大一,数据科学,2023,浙江,14595744935,C区4栋178
STU000433,学生433,男,大二,工商管理,2022,河南,14153992714,C区3栋352
STU000434,学生434,女,大四,电子商务,2022,河南,15507059676,D区5栋300
STU000435,学生435,女,大四,市场营销,2021,广东,15327268503,D区1栋238
STU000436,学生436,女,大二,工商管理,2023,江苏,16450948014,C区1栋505
STU000437,学生437,女,大二,物流管理,2022,福建,15917364173,C区5栋489
STU000438,学生438,女,大一,信息管理,2021,四川,16398775766,C区4栋442
STU000439,学生439,男,大四,计算机科学,2023,福建,19993271900,D区6栋239
STU000440,学生440,男,大三,物流管理,2020,广东,16370874491,C区3栋305
STU000441,学生441,男,大一,物流管理,2022,上海,19187946147,D区3栋281
STU000442,学生442,女,大二,信息管理,2020,四川,16120812641,D区3栋398
STU000443,学生443,男,大四,计算机科学,2023,浙江,18679196799,D区5栋348
STU000444,学生444,女,大三,物流管理,2022,福建,13475767056,C区4栋387
STU000445,学生445,女,大三,工商管理,2023,浙江,14798086909,D区3栋216
STU000446,学生446,男,大一,工商管理,2020,福建,13938842599,B区5栋658
STU000447,学生447,男,大四,工商管理,2022,浙江,18143226844,B区6栋663
STU000448,学生448,女,大四,计算机科学,2020,福建,19133318206,A区6栋572
STU000449,学生449,男,大二,物流管理,2023,浙江,14314061901,B区4栋398
STU000450,学生450,女,大四,计算机科学,2023,广东,19121882877,A区4栋611
STU000451,学生451,女,大四,工商管理,2020,湖北,17263619298,B区6栋410
STU000452,学生452,女,大一,信息管理,2022,四川,14235528741,B区3栋257
STU000453,学生453,女,大四,物流管理,2020,江苏,16818825964,D区4栋175
STU000454,学生454,女,大三,物流管理,2023,上海,13705557720,D区5栋590
STU000455,学生455,男,大一,数据科学,2020,山东,14599326438,D区5栋618
STU000456,学生456,男,大一,数据科学,2023,北京,18375139575,D区5栋137
STU000457,学生457,女,大二,电子商务,2020,江苏,19496098177,C区6栋649
STU000458,学生458,女,大四,市场营销,2022,北京,14750572325,A区1栋354
STU000459,学生459,男,大二,数据科学,2022,四川,17903079055,C区2栋145
STU000460,学生460,男,大三,计算机科学,2020,江苏,18222978730,D区3栋540
STU000461,学生461,女,大一,数据科学,2020,浙江,19979717936,A区1栋200
STU000462,学生462,男,大一,电子商务,2022,浙江,14433975497,C区2栋622
STU000463,学生463,女,大一,物流管理,2023,山东,13721358005,B区4栋483
STU000464,学生464,男,大三,电子商务,2022,北京,13434961542,D区4栋612
STU000465,学生465,女,大三,物流管理,2023,上海,17827296111,B区3栋125
STU000466,学生466,男,大二,信息管理,2020,四川,16525904456,D区1栋402
STU000467,学生467,女,大二,信息管理,2020,浙江,18312954978,D区1栋218
STU000468,学生468,男,大二,物流管理,2023,湖北,13735760237,B区3栋419
STU000469,学生469,男,大四,市场营销,2020,广东,18991819497,C区4栋311
STU000470,学生470,女,大一,数据科学,2023,广东,18360757540,D区3栋587
STU000471,学生471,男,大一,计算机科学,2021,福建,13848605284,A区4栋563
STU000472,学生472,女,大二,计算机科学,2022,上海,19423821937,C区1栋407
STU000473,学生473,男,大一,工商管理,2021,广东,19834717549,A区6栋217
STU000474,学生474,女,大二,物流管理,2023,福建,17964929067,A区3栋211
STU000475,学生475,男,大四,计算机科学,2022,北京,13954942461,B区6栋349
STU000476,学生476,女,大四,市场营销,2023,浙江,17940348305,B区5栋263
STU000477,学生477,男,大三,物流管理,2022,浙江,13472807202,C区5栋536
STU000478,学生478,女,大四,市场营销,2022,湖北,17559967386,D区2栋514
STU000479,学生479,男,大二,计算机科学,2022,江苏,18497897455,B区2栋542
STU000480,学生480,女,大四,计算机科学,2022,广东,13643271261,D区1栋302
STU000481,学生481,女,大三,工商管理,2023,北京,18466394187,D区5栋539
STU000482,学生482,女,大一,计算机科学,2022,河南,13551034639,D区1栋319
STU000483,学生483,男,大二,物流管理,2022,广东,19626350075,B区3栋164
STU000484,学生484,女,大一,信息管理,2021,上海,13565492204,A区5栋291
STU000485,学生485,男,大三,物流管理,2020,江苏,15782454310,C区3栋301
STU000486,学生486,女,大三,物流管理,2020,广东,19593641365,D区1栋368
STU000487,学生487,男,大三,工商管理,2021,北京,18264272995,D区5栋420
STU000488,学生488,女,大一,工商管理,2021,广东,16289125618,D区5栋501
STU000489,学生489,男,大一,计算机科学,2023,上海,18660221300,A区3栋460
STU000490,学生490,男,大一,电子商务,2023,河南,18389998761,D区5栋276
STU000491,学生491,女,大一,电子商务,2023,四川,17967797300,C区5栋186
STU000492,学生492,男,大三,工商管理,2021,山东,17931764920,B区3栋220
STU000493,学生493,男,大三,计算机科学,2021,河南,16599154414,B区3栋219
STU000494,学生494,女,大二,电子商务,2022,福建,16986625773,B区3栋244
STU000495,学生495,男,大二,计算机科学,2023,广东,18736164778,D区4栋241
STU000496,学生496,男,大一,计算机科学,2023,浙江,15446071904,D区4栋290
STU000497,学生497,男,大四,计算机科学,2023,湖北,19363598427,D区6栋650
STU000498,学生498,女,大四,数据科学,2020,浙江,19193053577,B区5栋270
STU000499,学生499,男,大三,物流管理,2022,河南,15584044963,D区3栋243
STU000500,学生500,女,大三,计算机科学,2023,浙江,14905817775,B区3栋561
STU000501,学生501,男,大三,数据科学,2023,北京,16711871397,A区3栋109
STU000502,学生502,男,大二,工商管理,2023,浙江,17817461907,D区2栋299
STU000503,学生503,男,大二,电子商务,2020,江苏,16461203124,D区5栋617
STU000504,学生504,女,大三,物流管理,2020,四川,13630757561,D区4栋603
STU000505,学生505,男,大三,信息管理,2021,广东,19448981305,D区6栋554
STU000506,学生506,男,大三,电子商务,2022,浙江,14623502759,D区2栋184
STU000507,学生507,女,大四,物流管理,2021,上海,14480990401,A区2栋399
STU000508,学生508,男,大二,信息管理,2022,四川,19377403790,A区3栋330
STU000509,学生509,女,大四,电子商务,2020,四川,15400281010,C区2栋568
STU000510,学生510,女,大四,物流管理,2023,浙江,17852890318,D区5栋623
STU000511,学生511,男,大三,电子商务,2021,四川,15696776072,A区5栋216
STU000512,学生512,女,大三,电子商务,2023,湖北,13654724287,C区5栋475
STU000513,学生513,男,大一,信息管理,2021,浙江,14191926217,A区6栋551
STU000514,学生514,女,大一,电子商务,2020,北京,14873174285,B区4栋204
STU000515,学生515,女,大四,电子商务,2020,河南,16624606470,B区3栋133
STU000516,学生516,男,大二,信息管理,2020,江苏,17914073098,D区3栋456
STU000517,学生517,女,大三,工商管理,2021,山东,14841536135,A区4栋220
STU000518,学生518,女,大三,计算机科学,2022,福建,16793532952,B区2栋459
STU000519,学生519,女,大四,市场营销,2021,四川,18627015393,D区2栋242
STU000520,学生520,女,大一,数据科学,2022,北京,16951405188,B区2栋160
STU000521,学生521,女,大二,市场营销,2021,广东,13199915275,C区5栋387
STU000522,学生522,男,大一,市场营销,2021,广东,15337937327,B区3栋399
STU000523,学生523,女,大一,物流管理,2020,福建,16842800803,C区5栋373
STU000524,学生524,男,大一,计算机科学,2023,江苏,14428786222,A区2栋521
STU000525,学生525,女,大一,物流管理,2023,四川,18724440558,A区3栋229
STU000526,学生526,男,大三,计算机科学,2022,湖北,15608159580,B区2栋249
STU000527,学生527,男,大三,信息管理,2023,福建,17670073085,C区2栋502
STU000528,学生528,女,大一,信息管理,2021,江苏,15556881239,D区2栋691
STU000529,学生529,女,大二,计算机科学,2021,四川,18690975123,C区6栋524
STU000530,学生530,女,大四,电子商务,2020,北京,15477753674,D区4栋177
STU000531,学生531,男,大二,工商管理,2020,河南,18587205269,A区4栋627
STU000532,学生532,女,大二,电子商务,2023,湖北,15429233929,C区6栋477
STU000533,学生533,男,大二,工商管理,2022,山东,15347538338,D区4栋435
STU000534,学生534,男,大一,物流管理,2023,广东,13874473159,A区6栋195
STU000535,学生535,男,大三,工商管理,2023,上海,14438817025,D区6栋466
STU000536,学生536,女,大二,物流管理,2023,北京,13897662466,A区5栋507
STU000537,学生537,女,大一,信息管理,2023,广东,17918394863,B区4栋316
STU000538,学生538,男,大二,市场营销,2021,浙江,18298803134,D区3栋430
STU000539,学生539,男,大二,信息管理,2022,上海,14332341238,C区3栋660
STU000540,学生540,女,大一,信息管理,2021,广东,18619904272,B区5栋596
STU000541,学生541,男,大三,市场营销,2022,江苏,15878017216,C区6栋149
STU000542,学生542,女,大三,工商管理,2020,湖北,17916267011,A区1栋570
STU000543,学生543,男,大四,工商管理,2023,广东,17740799178,A区1栋261
STU000544,学生544,女,大一,物流管理,2021,山东,15207939087,D区4栋100
STU000545,学生545,男,大四,电子商务,2022,河南,19308432166,D区2栋235
STU000546,学生546,女,大四,物流管理,2020,江苏,15344258191,C区2栋380
STU000547,学生547,男,大四,电子商务,2020,北京,15292673892,A区6栋469
STU000548,学生548,女,大三,信息管理,2023,北京,15115191689,C区1栋480
STU000549,学生549,女,大一,市场营销,2022,北京,18673523188,B区1栋505
STU000550,学生550,男,大四,信息管理,2021,北京,14394539550,C区6栋339
STU000551,学生551,男,大一,计算机科学,2023,河南,13158546865,D区6栋193
STU000552,学生552,女,大一,工商管理,2021,广东,17413679331,A区1栋318
STU000553,学生553,男,大三,电子商务,2020,四川,18235591568,D区1栋235
STU000554,学生554,女,大四,物流管理,2021,广东,18908304440,B区5栋555
STU000555,学生555,男,大四,市场营销,2021,浙江,16210152642,A区1栋451
STU000556,学生556,女,大一,电子商务,2023,湖北,19113169872,A区4栋235
STU000557,学生557,女,大二,物流管理,2021,上海,17405307028,D区1栋334
STU000558,学生558,女,大三,工商管理,2023,四川,16614015466,D区1栋204
STU000559,学生559,女,大三,信息管理,2020,四川,16465830215,A区3栋476
STU000560,学生560,女,大三,工商管理,2023,广东,14155165334,C区2栋491
STU000561,学生561,女,大三,数据科学,2023,四川,15612957813,B区6栋246
STU000562,学生562,男,大四,计算机科学,2022,福建,13982739959,A区5栋676
STU000563,学生563,男,大四,数据科学,2021,福建,13530256336,A区5栋268
STU000564,学生564,男,大二,市场营销,2020,浙江,16179545125,D区3栋318
STU000565,学生565,女,大三,电子商务,2023,上海,17775862179,B区4栋553
STU000566,学生566,女,大三,市场营销,2020,山东,18157562304,B区1栋202
STU000567,学生567,女,大一,信息管理,2022,河南,14260199682,B区1栋493
STU000568,学生568,女,大四,物流管理,2021,广东,19704344408,C区4栋422
STU000569,学生569,男,大三,工商管理,2023,河南,15191462297,B区2栋383
STU000570,学生570,男,大二,数据科学,2021,山东,14227186396,A区2栋666
STU000571,学生571,女,大二,数据科学,2022,广东,17920814900,C区6栋127
STU000572,学生572,男,大四,信息管理,2022,广东,16751028618,C区2栋630
STU000573,学生573,男,大二,数据科学,2020,上海,17949051496,B区6栋501
STU000574,学生574,女,大二,信息管理,2023,河南,17342329714,C区6栋155
STU000575,学生575,男,大四,市场营销,2020,福建,19661107986,B区4栋495
STU000576,学生576,女,大三,工商管理,2022,北京,16583736219,A区2栋611
STU000577,学生577,男,大三,电子商务,2021,河南,16419280490,A区5栋112
STU000578,学生578,女,大二,物流管理,2020,湖北,19731924051,C区3栋235
STU000579,学生579,女,大二,电子商务,2020,湖北,16427899537,D区5栋530
STU000580,学生580,女,大三,市场营销,2021,广东,17766823010,C区5栋276
STU000581,学生581,女,大四,物流管理,2020,北京,13754586204,D区1栋117
STU000582,学生582,男,大二,数据科学,2021,江苏,18206551233,A区1栋368
STU000583,学生583,女,大一,计算机科学,2023,山东,19323110563,B区1栋161
STU000584,学生584,女,大四,市场营销,2021,浙江,18326586581,D区5栋393
STU000585,学生585,女,大二,市场营销,2023,北京,15809129316,D区4栋511
STU000586,学生586,男,大二,工商管理,2021,浙江,13268638768,A区6栋649
STU000587,学生587,女,大一,电子商务,2022,河南,14286630878,B区3栋185
STU000588,学生588,男,大一,市场营销,2022,河南,17180600295,C区1栋623
STU000589,学生589,女,大三,市场营销,2023,浙江,14102873038,B区2栋649
STU000590,学生590,男,大四,数据科学,2023,山东,16583724666,C区4栋167
STU000591,学生591,男,大四,数据科学,2022,北京,18737599912,C区6栋547
STU000592,学生592,女,大三,物流管理,2023,江苏,16412737284,B区1栋350
STU000593,学生593,男,大四,信息管理,2021,广东,13348545713,A区4栋218
STU000594,学生594,女,大四,信息管理,2021,上海,15859088046,D区5栋156
STU000595,学生595,女,大四,计算机科学,2022,河南,15854827139,C区6栋279
STU000596,学生596,女,大四,信息管理,2020,湖北,19587512424,A区1栋240
STU000597,学生597,男,大四,工商管理,2021,山东,13838073939,A区2栋608
STU000598,学生598,男,大一,计算机科学,2023,上海,14384063364,C区5栋629
STU000599,学生599,女,大四,物流管理,2020,江苏,19949595796,C区2栋480
STU000600,学生600,女,大一,数据科学,2020,四川,18733281747,B区6栋375
STU000601,学生601,男,大四,信息管理,2021,广东,18963187150,A区1栋443
STU000602,学生602,女,大三,电子商务,2021,河南,14556489494,D区3栋636
STU000603,学生603,女,大二,数据科学,2020,广东,13684719405,A区3栋690
STU000604,学生604,女,大一,工商管理,2020,上海,14795392488,A区4栋566
STU000605,学生605,男,大四,数据科学,2022,广东,14385220694,C区1栋611
STU000606,学生606,男,大三,工商管理,2023,四川,19252725050,B区3栋261
STU000607,学生607,男,大二,工商管理,2022,上海,13164035859,C区1栋687
STU000608,学生608,女,大一,工商管理,2021,河南,14951078441,A区2栋621
STU000609,学生609,女,大二,物流管理,2022,北京,15738923667,A区1栋112
STU000610,学生610,女,大三,工商管理,2022,湖北,18985021282,B区1栋583
STU000611,学生611,男,大一,工商管理,2022,上海,17409893263,C区4栋253
STU000612,学生612,女,大二,电子商务,2022,福建,16233523720,B区1栋666
STU000613,学生613,女,大四,计算机科学,2023,四川,16839462365,D区2栋429
STU000614,学生614,女,大一,市场营销,2023,上海,15851333320,B区4栋427
STU000615,学生615,女,大二,计算机科学,2020,上海,16392322121,C区1栋685
STU000616,学生616,男,大三,工商管理,2021,福建,17679800791,C区1栋614
STU000617,学生617,男,大三,电子商务,2022,河南,16570040006,A区2栋328
STU000618,学生618,女,大一,数据科学,2020,上海,13742136977,A区4栋170
STU000619,学生619,男,大二,电子商务,2020,湖北,13563887247,D区3栋418
STU000620,学生620,男,大一,工商管理,2020,广东,18446090161,C区1栋666
STU000621,学生621,女,大一,电子商务,2023,河南,17368830491,D区1栋477
STU000622,学生622,女,大二,信息管理,2022,湖北,13198061499,B区3栋677
STU000623,学生623,男,大二,电子商务,2022,河南,14824022357,C区6栋348
STU000624,学生624,女,大四,工商管理,2021,湖北,19717615339,D区3栋605
STU000625,学生625,男,大二,物流管理,2022,四川,17122275263,B区6栋659
STU000626,学生626,女,大三,信息管理,2022,湖北,19821856853,B区2栋106
STU000627,学生627,男,大一,电子商务,2020,浙江,19389385259,D区1栋338
STU000628,学生628,女,大一,市场营销,2021,湖北,17143198431,C区6栋109
STU000629,学生629,男,大三,市场营销,2022,北京,19912037475,C区1栋485
STU000630,学生630,男,大二,电子商务,2023,北京,14605196410,C区1栋310
STU000631,学生631,男,大三,物流管理,2022,山东,17799552991,B区4栋603
STU000632,学生632,女,大三,数据科学,2020,浙江,16398668350,A区2栋386
STU000633,学生633,男,大四,工商管理,2023,浙江,14728492896,A区1栋337
STU000634,学生634,男,大三,市场营销,2020,广东,16781594897,D区6栋481
STU000635,学生635,女,大一,数据科学,2022,浙江,19627986559,D区6栋186
STU000636,学生636,女,大三,电子商务,2023,广东,13604669821,A区5栋236
STU000637,学生637,男,大一,数据科学,2021,山东,15538460431,D区1栋681
STU000638,学生638,男,大一,信息管理,2021,山东,15444733679,A区4栋233
STU000639,学生639,女,大一,计算机科学,2023,四川,18212313264,B区3栋367
STU000640,学生640,女,大二,市场营销,2023,北京,19272684373,C区4栋434
STU000641,学生641,女,大四,电子商务,2020,湖北,15542000551,C区4栋378
STU000642,学生642,女,大一,工商管理,2023,湖北,18632005813,B区1栋307
STU000643,学生643,女,大一,物流管理,2020,福建,15811443654,B区5栋211
STU000644,学生644,男,大二,信息管理,2022,福建,16973559879,B区1栋268
STU000645,学生645,女,大一,电子商务,2020,江苏,19690661740,D区4栋421
STU000646,学生646,男,大三,工商管理,2023,河南,13588365604,D区1栋648
STU000647,学生647,男,大三,物流管理,2023,四川,13437710224,C区2栋562
STU000648,学生648,男,大四,物流管理,2022,江苏,15447112584,C区4栋371
STU000649,学生649,女,大一,电子商务,2023,江苏,13929517022,A区1栋261
STU000650,学生650,男,大二,信息管理,2023,上海,16652543518,C区6栋141
STU000651,学生651,男,大三,数据科学,2021,上海,19101235946,B区3栋251
STU000652,学生652,女,大二,数据科学,2021,江苏,18682605435,A区6栋354
STU000653,学生653,男,大二,物流管理,2022,浙江,16543721204,C区4栋625
STU000654,学生654,男,大三,数据科学,2020,河南,13301415220,A区6栋406
STU000655,学生655,女,大二,计算机科学,2021,四川,17488457631,C区2栋131
STU000656,学生656,男,大三,物流管理,2020,江苏,17912224654,D区4栋669
STU000657,学生657,男,大二,物流管理,2023,湖北,16771527524,B区1栋573
STU000658,学生658,男,大三,工商管理,2021,河南,16916033628,A区2栋224
STU000659,学生659,女,大一,数据科学,2022,上海,13318568997,A区1栋327
STU000660,学生660,女,大四,信息管理,2022,湖北,15689720101,B区2栋510
STU000661,学生661,女,大三,物流管理,2022,上海,14409268943,C区6栋186
STU000662,学生662,男,大三,信息管理,2021,上海,16849740261,C区1栋122
STU000663,学生663,男,大四,计算机科学,2020,河南,16230380269,A区2栋554
STU000664,学生664,女,大三,工商管理,2023,上海,13776481264,B区1栋439
STU000665,学生665,男,大三,电子商务,2020,山东,17958256589,A区1栋572
STU000666,学生666,男,大二,信息管理,2020,北京,14862123506,A区2栋687
STU000667,学生667,女,大四,物流管理,2023,山东,14433665422,D区6栋504
STU000668,学生668,女,大一,计算机科学,2023,北京,17114682844,D区1栋491
STU000669,学生669,男,大三,市场营销,2021,福建,17538076670,D区2栋462
STU000670,学生670,男,大四,计算机科学,2021,福建,13341270488,B区2栋381
STU000671,学生671,男,大二,计算机科学,2021,上海,19221827951,C区4栋252
STU000672,学生672,女,大一,工商管理,2021,四川,16226128312,A区5栋351
STU000673,学生673,女,大四,电子商务,2021,四川,18993506934,C区4栋521
STU000674,学生674,女,大一,市场营销,2023,北京,14635126623,D区1栋189
STU000675,学生675,女,大一,数据科学,2020,湖北,18413383963,C区4栋240
STU000676,学生676,男,大一,数据科学,2021,河南,17857429971,D区2栋638
STU000677,学生677,女,大三,信息管理,2021,上海,15546129354,B区6栋656
STU000678,学生678,女,大三,计算机科学,2020,河南,19618079974,A区4栋467
STU000679,学生679,女,大二,工商管理,2021,山东,16361704064,D区5栋596
STU000680,学生680,女,大二,工商管理,2020,四川,16691916368,C区5栋614
STU000681,学生681,女,大四,数据科学,2020,浙江,14511872350,C区4栋376
STU000682,学生682,男,大二,信息管理,2023,山东,14743576792,B区1栋426
STU000683,学生683,男,大一,信息管理,2022,山东,17901325519,B区1栋387
STU000684,学生684,女,大一,信息管理,2023,北京,14174958005,A区4栋642
STU000685,学生685,男,大三,市场营销,2022,广东,15929653607,C区5栋338
STU000686,学生686,女,大一,电子商务,2022,山东,19545541033,B区1栋353
STU000687,学生687,女,大四,市场营销,2022,上海,15945805127,B区3栋646
STU000688,学生688,男,大一,物流管理,2021,江苏,17386874458,A区2栋689
STU000689,学生689,男,大一,物流管理,2023,江苏,19102754426,D区3栋277
STU000690,学生690,女,大四,电子商务,2022,上海,15879591310,B区2栋425
STU000691,学生691,女,大二,数据科学,2020,广东,15999232921,C区5栋128
STU000692,学生692,女,大二,电子商务,2021,广东,17722687986,C区5栋677
STU000693,学生693,男,大四,工商管理,2023,北京,18625747313,B区5栋292
STU000694,学生694,女,大三,物流管理,2022,四川,19259553112,D区5栋416
STU000695,学生695,女,大一,计算机科学,2020,河南,16678296492,B区4栋138
STU000696,学生696,女,大四,计算机科学,2023,广东,16470574014,A区1栋338
STU000697,学生697,男,大一,数据科学,2023,浙江,15692616814,B区1栋639
STU000698,学生698,女,大三,工商管理,2021,北京,19683503591,D区1栋439
STU000699,学生699,女,大一,市场营销,2023,福建,16588922557,B区2栋448
STU000700,学生700,男,大四,工商管理,2021,湖北,15302563940,B区3栋160
STU000701,学生701,女,大一,计算机科学,2022,福建,18356415500,A区2栋245
STU000702,学生702,女,大二,计算机科学,2021,北京,17511211819,A区5栋473
STU000703,学生703,男,大三,物流管理,2020,山东,14932734539,A区3栋505
STU000704,学生704,女,大三,工商管理,2021,河南,16146865930,A区3栋409
STU000705,学生705,男,大三,工商管理,2020,湖北,15899621068,C区2栋261
STU000706,学生706,男,大四,计算机科学,2021,福建,16857232668,D区6栋598
STU000707,学生707,女,大三,市场营销,2023,湖北,19509343829,C区2栋675
STU000708,学生708,女,大二,数据科学,2022,浙江,16812630453,C区2栋279
STU000709,学生709,女,大四,信息管理,2020,浙江,19981270974,D区3栋401
STU000710,学生710,女,大二,数据科学,2021,浙江,18263321843,B区2栋101
STU000711,学生711,男,大一,工商管理,2021,北京,16139749508,D区5栋133
STU000712,学生712,女,大一,数据科学,2021,河南,14639331014,B区5栋425
STU000713,学生713,男,大一,计算机科学,2023,北京,17456476596,B区6栋679
STU000714,学生714,女,大一,计算机科学,2023,江苏,19207765664,A区4栋244
STU000715,学生715,女,大二,工商管理,2020,山东,19572775194,C区6栋179
STU000716,学生716,女,大四,工商管理,2020,山东,13664735673,B区3栋427
STU000717,学生717,男,大四,信息管理,2023,浙江,16116479358,B区6栋190
STU000718,学生718,女,大三,信息管理,2020,江苏,18254785699,C区4栋111
STU000719,学生719,女,大二,物流管理,2022,广东,16803066091,C区2栋355
STU000720,学生720,女,大一,工商管理,2022,广东,14180346223,A区3栋362
STU000721,学生721,女,大二,市场营销,2023,浙江,16939156387,A区6栋101
STU000722,学生722,男,大三,数据科学,2020,福建,15463527356,A区4栋548
STU000723,学生723,女,大三,工商管理,2021,北京,17843785903,D区2栋523
STU000724,学生724,男,大二,电子商务,2022,浙江,16797756796,D区4栋459
STU000725,学生725,男,大二,物流管理,2023,四川,13452794611,D区1栋590
STU000726,学生726,男,大二,电子商务,2020,湖北,19824085842,B区2栋562
STU000727,学生727,男,大四,计算机科学,2023,山东,19672972597,A区1栋401
STU000728,学生728,男,大一,信息管理,2021,广东,16440012324,A区3栋367
STU000729,学生729,男,大二,数据科学,2022,上海,18871716956,A区1栋450
STU000730,学生730,女,大二,工商管理,2023,广东,19623929617,B区4栋264
STU000731,学生731,男,大二,电子商务,2023,山东,19680911523,A区5栋195
STU000732,学生732,男,大三,数据科学,2023,湖北,13762992051,C区5栋594
STU000733,学生733,男,大三,计算机科学,2021,山东,13352082631,A区4栋268
STU000734,学生734,女,大四,信息管理,2023,上海,18834868441,D区2栋154
STU000735,学生735,女,大一,市场营销,2021,浙江,15344261532,A区3栋310
STU000736,学生736,男,大四,物流管理,2021,江苏,18197044071,B区4栋667
STU000737,学生737,女,大一,数据科学,2021,上海,16205702499,C区6栋388
STU000738,学生738,男,大三,数据科学,2022,山东,19780481547,C区2栋198
STU000739,学生739,男,大三,市场营销,2022,山东,18207918827,A区4栋685
STU000740,学生740,女,大三,数据科学,2023,四川,16278632824,D区2栋155
STU000741,学生741,男,大四,计算机科学,2023,四川,18421549249,C区1栋537
STU000742,学生742,女,大二,计算机科学,2022,河南,13149382425,A区3栋591
STU000743,学生743,女,大二,市场营销,2020,四川,15954852540,B区1栋126
STU000744,学生744,男,大三,物流管理,2022,北京,13415001254,B区2栋398
STU000745,学生745,男,大二,工商管理,2021,江苏,15502482554,A区4栋218
STU000746,学生746,女,大二,电子商务,2022,湖北,16256304376,C区4栋582
STU000747,学生747,男,大四,工商管理,2021,上海,14670335494,D区6栋371
STU000748,学生748,男,大一,数据科学,2023,山东,16707660630,A区6栋657
STU000749,学生749,男,大三,电子商务,2020,河南,18950961305,D区2栋479
STU000750,学生750,女,大三,市场营销,2023,河南,14282518553,D区3栋291
STU000751,学生751,女,大四,市场营销,2021,湖北,14184791618,D区1栋369
STU000752,学生752,男,大四,物流管理,2021,江苏,17510753814,D区4栋369
STU000753,学生753,女,大二,电子商务,2021,上海,17833510170,B区3栋677
STU000754,学生754,女,大三,计算机科学,2020,广东,14634366139,A区2栋199
STU000755,学生755,女,大一,电子商务,2022,四川,17253671484,A区6栋452
STU000756,学生756,女,大四,数据科学,2023,浙江,14595155950,D区5栋332
STU000757,学生757,女,大一,计算机科学,2023,河南,18372706093,A区4栋635
STU000758,学生758,男,大一,信息管理,2022,四川,16374154962,D区5栋586
STU000759,学生759,男,大三,信息管理,2023,四川,18110090412,B区4栋406
STU000760,学生760,男,大三,信息管理,2020,北京,19599561877,A区4栋135
STU000761,学生761,女,大四,市场营销,2023,江苏,15827579147,B区1栋559
STU000762,学生762,女,大三,电子商务,2021,浙江,17269625036,B区2栋316
STU000763,学生763,男,大三,信息管理,2022,广东,13574303740,B区2栋143
STU000764,学生764,女,大三,工商管理,2020,山东,15730900313,D区1栋545
STU000765,学生765,男,大一,物流管理,2022,北京,15786055206,B区6栋251
STU000766,学生766,男,大四,工商管理,2020,四川,16841218491,C区3栋168
STU000767,学生767,男,大二,信息管理,2021,四川,15590523712,A区4栋669
STU000768,学生768,女,大一,物流管理,2022,福建,19424400672,D区5栋433
STU000769,学生769,女,大三,数据科学,2023,浙江,14513061224,C区5栋569
STU000770,学生770,男,大一,工商管理,2020,浙江,19618840705,A区6栋635
STU000771,学生771,男,大三,电子商务,2022,福建,13354697684,D区1栋524
STU000772,学生772,男,大三,电子商务,2023,浙江,16714097318,B区2栋680
STU000773,学生773,男,大一,工商管理,2022,四川,15717199615,A区1栋676
STU000774,学生774,女,大四,信息管理,2022,河南,15850845198,A区3栋648
STU000775,学生775,女,大三,电子商务,2022,上海,15123557463,C区4栋370
STU000776,学生776,男,大四,数据科学,2020,四川,19806768884,D区6栋597
STU000777,学生777,男,大二,计算机科学,2023,北京,16394721069,D区1栋276
STU000778,学生778,女,大三,信息管理,2021,江苏,13707661655,C区4栋247
STU000779,学生779,女,大四,数据科学,2020,福建,19836371599,D区1栋505
STU000780,学生780,男,大四,物流管理,2020,广东,19899582079,C区6栋343
STU000781,学生781,男,大二,数据科学,2020,山东,13751124015,A区6栋586
STU000782,学生782,男,大四,信息管理,2021,广东,18633356861,C区3栋120
STU000783,学生783,女,大四,物流管理,2023,四川,19407298630,C区3栋418
STU000784,学生784,女,大二,信息管理,2023,北京,19957769526,C区4栋200
STU000785,学生785,女,大三,电子商务,2023,四川,14751831074,B区2栋407
STU000786,学生786,男,大四,计算机科学,2022,江苏,19478301747,D区3栋375
STU000787,学生787,男,大四,信息管理,2022,河南,14783563240,D区5栋191
STU000788,学生788,女,大四,信息管理,2022,山东,14766676815,B区4栋316
STU000789,学生789,女,大一,电子商务,2021,江苏,15827744047,D区6栋596
STU000790,学生790,男,大二,市场营销,2022,福建,19874090950,C区1栋627
STU000791,学生791,女,大一,电子商务,2021,福建,19807790785,B区1栋418
STU000792,学生792,女,大二,物流管理,2023,四川,18246865585,D区2栋636
STU000793,学生793,男,大三,电子商务,2022,北京,18204328975,A区2栋297
STU000794,学生794,女,大三,电子商务,2022,江苏,18794002948,B区1栋355
STU000795,学生795,男,大四,计算机科学,2020,湖北,13431714152,A区4栋151
STU000796,学生796,男,大二,电子商务,2021,北京,19573330302,C区6栋303
STU000797,学生797,男,大三,信息管理,2023,河南,13722312633,C区3栋575
STU000798,学生798,男,大二,计算机科学,2020,福建,15886365312,D区6栋226
STU000799,学生799,男,大三,工商管理,2020,四川,14196779973,A区2栋481
STU000800,学生800,男,大一,市场营销,2023,浙江,15450811990,D区5栋556
STU000801,学生801,男,大三,计算机科学,2020,福建,18546143048,B区4栋664
STU000802,学生802,女,大一,物流管理,2021,山东,14315601773,C区3栋267
STU000803,学生803,男,大三,工商管理,2021,上海,14944511703,C区6栋192
STU000804,学生804,男,大四,计算机科学,2022,浙江,17492836532,C区1栋495
STU000805,学生805,女,大一,计算机科学,2020,四川,17638798023,A区2栋685
STU000806,学生806,女,大三,市场营销,2022,湖北,15991713190,B区2栋330
STU000807,学生807,女,大四,信息管理,2020,浙江,14375919523,B区3栋519
STU000808,学生808,男,大一,物流管理,2021,山东,19617380166,A区6栋109
STU000809,学生809,女,大四,数据科学,2021,北京,19416905717,D区2栋277
STU000810,学生810,男,大二,数据科学,2021,湖北,18463692735,A区2栋358
STU000811,学生811,男,大二,计算机科学,2020,福建,19223662532,C区6栋381
STU000812,学生812,男,大一,电子商务,2021,湖北,16180852074,D区4栋457
STU000813,学生813,男,大三,物流管理,2020,江苏,14909763993,D区3栋323
STU000814,学生814,女,大一,工商管理,2022,山东,14826197069,D区3栋633
STU000815,学生815,女,大四,电子商务,2020,浙江,18824138175,D区5栋204
STU000816,学生816,男,大三,电子商务,2022,江苏,16963919401,A区5栋483
STU000817,学生817,男,大二,物流管理,2020,湖北,17492747974,C区3栋210
STU000818,学生818,男,大三,信息管理,2022,江苏,13948988297,D区1栋444
STU000819,学生819,女,大二,计算机科学,2021,广东,16114945047,C区6栋432
STU000820,学生820,男,大三,计算机科学,2022,山东,15676140134,C区3栋405
STU000821,学生821,男,大三,计算机科学,2021,河南,13588322781,B区2栋629
STU000822,学生822,女,大三,计算机科学,2021,北京,15822443971,B区1栋513
STU000823,学生823,女,大四,数据科学,2022,湖北,18821920438,C区6栋243
STU000824,学生824,男,大四,计算机科学,2020,山东,15727666622,A区6栋609
STU000825,学生825,女,大一,数据科学,2020,河南,16983063850,C区3栋528
STU000826,学生826,女,大一,数据科学,2023,河南,18498866784,D区4栋136
STU000827,学生827,男,大二,信息管理,2020,四川,13824600232,B区3栋327
STU000828,学生828,女,大四,计算机科学,2023,江苏,14606244434,D区6栋467
STU000829,学生829,男,大二,市场营销,2020,河南,13765233376,C区2栋671
STU000830,学生830,女,大一,工商管理,2020,广东,17452194058,B区3栋199
STU000831,学生831,男,大二,电子商务,2021,山东,17337691219,D区2栋364
STU000832,学生832,男,大一,数据科学,2023,上海,18167878777,B区6栋443
STU000833,学生833,男,大四,物流管理,2020,上海,18984607950,A区2栋463
STU000834,学生834,女,大三,物流管理,2023,湖北,16852775879,B区6栋414
STU000835,学生835,男,大四,工商管理,2021,福建,15797115550,D区3栋480
STU000836,学生836,女,大二,物流管理,2021,江苏,16225279834,C区5栋401
STU000837,学生837,男,大二,市场营销,2023,福建,14148690765,D区1栋581
STU000838,学生838,男,大四,物流管理,2021,河南,13426808977,A区6栋697
STU000839,学生839,女,大四,电子商务,2022,山东,16224683417,A区4栋299
STU000840,学生840,男,大一,电子商务,2022,湖北,13352114611,A区6栋490
STU000841,学生841,男,大二,数据科学,2021,浙江,17245668163,C区4栋155
STU000842,学生842,女,大二,计算机科学,2022,河南,16587096273,B区2栋305
STU000843,学生843,男,大四,信息管理,2020,江苏,15819929088,C区4栋683
STU000844,学生844,男,大三,市场营销,2023,上海,18847843987,D区2栋423
STU000845,学生845,男,大二,数据科学,2020,四川,17550033924,B区1栋599
STU000846,学生846,男,大三,市场营销,2023,山东,17897005281,C区6栋281
STU000847,学生847,女,大四,计算机科学,2021,北京,18265917699,C区6栋159
STU000848,学生848,女,大四,物流管理,2020,福建,16803217037,A区4栋380
STU000849,学生849,男,大一,物流管理,2021,湖北,13995171130,B区2栋690
STU000850,学生850,女,大二,信息管理,2021,福建,16761051532,B区4栋190
STU000851,学生851,男,大三,计算机科学,2023,山东,16400368694,B区5栋544
STU000852,学生852,女,大一,数据科学,2023,福建,13841183219,D区4栋539
STU000853,学生853,男,大二,信息管理,2023,山东,15333291547,D区4栋104
STU000854,学生854,男,大一,计算机科学,2020,福建,16577488537,A区5栋304
STU000855,学生855,男,大四,工商管理,2022,广东,14489431174,C区1栋429
STU000856,学生856,男,大二,电子商务,2023,浙江,13836243579,B区1栋104
STU000857,学生857,男,大一,信息管理,2023,河南,15684615760,B区2栋452
STU000858,学生858,男,大一,信息管理,2020,河南,18485123110,C区2栋205
STU000859,学生859,女,大三,数据科学,2023,江苏,13527499187,D区5栋413
STU000860,学生860,男,大一,市场营销,2020,北京,15303805386,B区1栋146
STU000861,学生861,女,大二,工商管理,2021,北京,13984968439,C区3栋566
STU000862,学生862,男,大二,数据科学,2023,江苏,16198433586,C区4栋237
STU000863,学生863,女,大三,计算机科学,2023,四川,18327746886,C区4栋467
STU000864,学生864,女,大二,计算机科学,2021,河南,18786650291,B区2栋513
STU000865,学生865,女,大四,计算机科学,2021,四川,17122932394,A区2栋329
STU000866,学生866,男,大二,计算机科学,2021,山东,13944814262,B区2栋122
STU000867,学生867,男,大二,市场营销,2023,山东,15361530104,B区1栋475
STU000868,学生868,女,大一,工商管理,2022,上海,14945011302,A区4栋361
STU000869,学生869,男,大一,物流管理,2022,福建,17320337809,A区5栋149
STU000870,学生870,女,大二,电子商务,2022,北京,13991010113,A区6栋120
STU000871,学生871,男,大三,市场营销,2023,上海,19695076080,A区6栋218
STU000872,学生872,女,大一,市场营销,2021,浙江,14729624046,D区4栋489
STU000873,学生873,女,大三,物流管理,2023,江苏,14973008988,A区5栋358
STU000874,学生874,男,大二,物流管理,2021,江苏,19350180427,D区6栋256
STU000875,学生875,女,大二,电子商务,2023,山东,15931471931,B区6栋109
STU000876,学生876,男,大四,电子商务,2023,河南,14946799779,C区4栋203
STU000877,学生877,女,大一,物流管理,2021,四川,17103044648,C区5栋240
STU000878,学生878,女,大二,计算机科学,2022,北京,15255357534,D区1栋623
STU000879,学生879,男,大四,市场营销,2021,上海,14680051935,A区3栋216
STU000880,学生880,男,大一,数据科学,2020,四川,15957397689,A区4栋303
STU000881,学生881,男,大二,电子商务,2020,上海,14218032515,B区3栋635
STU000882,学生882,女,大二,电子商务,2021,福建,18127681228,B区3栋519
STU000883,学生883,男,大一,物流管理,2023,浙江,14115956152,C区2栋140
STU000884,学生884,女,大一,工商管理,2020,浙江,15948239575,D区2栋592
STU000885,学生885,女,大一,数据科学,2020,四川,19355477113,C区2栋102
STU000886,学生886,男,大二,数据科学,2023,四川,17447646966,A区6栋191
STU000887,学生887,男,大二,电子商务,2023,四川,13287095435,A区5栋605
STU000888,学生888,女,大四,计算机科学,2022,上海,15156263020,B区1栋623
STU000889,学生889,女,大三,工商管理,2023,福建,14896413702,A区6栋203
STU000890,学生890,男,大一,数据科学,2021,广东,16664880035,C区6栋336
STU000891,学生891,男,大二,电子商务,2021,四川,13900651998,D区3栋370
STU000892,学生892,男,大二,数据科学,2022,河南,13611365210,D区1栋202
STU000893,学生893,男,大一,信息管理,2020,北京,16935389432,B区1栋397
STU000894,学生894,男,大三,工商管理,2020,北京,15651085057,C区6栋420
STU000895,学生895,女,大一,工商管理,2023,上海,17217095851,D区6栋218
STU000896,学生896,女,大三,信息管理,2021,四川,16640992677,A区1栋109
STU000897,学生897,女,大二,市场营销,2020,山东,14760465943,B区6栋274
STU000898,学生898,女,大三,信息管理,2022,江苏,13880871219,C区3栋548
STU000899,学生899,男,大四,物流管理,2022,广东,19807491789,C区6栋195
STU000900,学生900,男,大二,物流管理,2021,河南,17423873102,C区3栋287
STU000901,学生901,男,大四,电子商务,2022,福建,16790781796,A区4栋509
STU000902,学生902,女,大一,工商管理,2022,山东,13165310776,D区3栋494
STU000903,学生903,女,大一,市场营销,2021,浙江,16531233244,D区4栋270
STU000904,学生904,男,大一,市场营销,2023,山东,16836691577,A区2栋160
STU000905,学生905,男,大三,数据科学,2023,上海,13626422169,B区1栋526
STU000906,学生906,女,大二,数据科学,2022,广东,18576271425,D区5栋548
STU000907,学生907,女,大一,信息管理,2023,湖北,13186748119,B区5栋488
STU000908,学生908,男,大一,市场营销,2023,湖北,15753154389,C区5栋129
STU000909,学生909,男,大二,信息管理,2022,四川,14170525764,B区4栋599
STU000910,学生910,女,大一,信息管理,2023,四川,14395296179,A区4栋551
STU000911,学生911,男,大四,数据科学,2022,上海,17779760958,A区1栋367
STU000912,学生912,男,大二,工商管理,2020,福建,17688793237,C区1栋637
STU000913,学生913,男,大二,信息管理,2021,四川,18449165212,B区6栋446
STU000914,学生914,女,大二,计算机科学,2021,江苏,16741444618,A区4栋354
STU000915,学生915,女,大四,工商管理,2023,广东,17416644047,D区3栋494
STU000916,学生916,女,大二,市场营销,2023,上海,16642831335,B区5栋155
STU000917,学生917,女,大四,市场营销,2023,北京,17561923010,A区6栋260
STU000918,学生918,女,大二,信息管理,2021,浙江,13951580447,D区4栋269
STU000919,学生919,女,大三,工商管理,2020,上海,18222851168,A区4栋428
STU000920,学生920,女,大一,数据科学,2020,上海,19802992685,B区3栋384
STU000921,学生921,男,大三,数据科学,2021,湖北,18925667446,A区5栋328
STU000922,学生922,男,大一,物流管理,2020,河南,17873995963,D区4栋340
STU000923,学生923,男,大四,市场营销,2021,福建,19330879256,A区4栋554
STU000924,学生924,男,大三,电子商务,2020,河南,16584853393,D区1栋610
STU000925,学生925,男,大二,物流管理,2022,江苏,14544328940,D区3栋221
STU000926,学生926,男,大一,数据科学,2022,北京,15988434627,D区6栋118
STU000927,学生927,男,大一,工商管理,2021,湖北,16528133274,A区4栋522
STU000928,学生928,女,大三,数据科学,2020,北京,16883415470,A区5栋662
STU000929,学生929,女,大四,工商管理,2023,江苏,13435596237,A区1栋411
STU000930,学生930,男,大三,物流管理,2020,河南,16435569630,B区6栋567
STU000931,学生931,男,大四,市场营销,2022,上海,18373685835,C区3栋155
STU000932,学生932,女,大四,数据科学,2022,四川,15263894795,B区4栋439
STU000933,学生933,男,大一,信息管理,2020,四川,18609241268,D区6栋472
STU000934,学生934,男,大三,工商管理,2020,山东,13197951867,D区1栋199
STU000935,学生935,女,大三,市场营销,2023,浙江,19191659287,B区1栋449
STU000936,学生936,男,大四,电子商务,2023,福建,13563723880,C区6栋398
STU000937,学生937,女,大三,工商管理,2020,江苏,13899496315,C区6栋208
STU000938,学生938,男,大二,物流管理,2020,浙江,18500126515,A区2栋604
STU000939,学生939,女,大二,电子商务,2020,福建,19239710404,B区6栋519
STU000940,学生940,女,大三,电子商务,2020,浙江,17164404084,A区3栋300
STU000941,学生941,女,大三,计算机科学,2021,河南,17702998820,B区1栋502
STU000942,学生942,男,大四,数据科学,2020,福建,17453954673,B区4栋295
STU000943,学生943,女,大二,工商管理,2023,河南,18231244840,C区1栋524
STU000944,学生944,男,大二,电子商务,2022,上海,16479673044,A区6栋226
STU000945,学生945,男,大一,计算机科学,2021,湖北,19814403943,D区4栋616
STU000946,学生946,男,大四,物流管理,2020,河南,19554124989,B区4栋104
STU000947,学生947,男,大一,市场营销,2022,四川,19874233009,A区5栋543
STU000948,学生948,女,大二,信息管理,2021,浙江,13408839723,D区5栋281
STU000949,学生949,女,大四,信息管理,2022,山东,17435489452,B区6栋231
STU000950,学生950,男,大三,工商管理,2020,广东,15211240259,A区4栋429
STU000951,学生951,男,大四,电子商务,2020,福建,17644830077,D区4栋354
STU000952,学生952,女,大三,信息管理,2023,江苏,14266140258,C区4栋451
STU000953,学生953,男,大三,数据科学,2020,山东,18617746926,C区4栋236
STU000954,学生954,女,大四,信息管理,2020,四川,14216198604,B区4栋624
STU000955,学生955,男,大三,信息管理,2021,河南,15697285504,C区6栋660
STU000956,学生956,男,大一,信息管理,2023,湖北,15223357166,C区6栋666
STU000957,学生957,女,大二,计算机科学,2021,上海,19399110343,B区2栋314
STU000958,学生958,男,大三,电子商务,2022,广东,17342836476,C区6栋453
STU000959,学生959,女,大一,数据科学,2020,北京,19560755939,B区6栋282
STU000960,学生960,男,大三,电子商务,2022,山东,19702332331,C区6栋218
STU000961,学生961,男,大二,工商管理,2021,湖北,19978779150,C区5栋591
STU000962,学生962,男,大一,工商管理,2020,北京,17758819288,D区6栋646
STU000963,学生963,女,大二,工商管理,2020,广东,18790092970,C区4栋113
STU000964,学生964,男,大二,物流管理,2021,江苏,17128189836,A区1栋490
STU000965,学生965,男,大一,信息管理,2021,江苏,17806340901,B区1栋157
STU000966,学生966,男,大一,物流管理,2021,浙江,19844609017,B区3栋264
STU000967,学生967,男,大一,计算机科学,2021,广东,15131088245,C区6栋356
STU000968,学生968,女,大四,工商管理,2021,广东,14393421844,B区1栋402
STU000969,学生969,女,大一,数据科学,2020,北京,18918630985,B区5栋133
STU000970,学生970,男,大一,电子商务,2021,湖北,15464883950,C区4栋204
STU000971,学生971,女,大一,信息管理,2020,福建,15106556040,B区6栋674
STU000972,学生972,男,大一,市场营销,2020,北京,14253815116,D区2栋623
STU000973,学生973,男,大三,数据科学,2021,上海,17805818425,C区6栋148
STU000974,学生974,男,大四,信息管理,2021,江苏,16174716780,D区4栋526
STU000975,学生975,女,大二,物流管理,2023,江苏,14895609471,C区5栋155
STU000976,学生976,女,大一,物流管理,2020,浙江,18132917811,A区6栋357
STU000977,学生977,女,大三,数据科学,2021,上海,13901131404,B区5栋553
STU000978,学生978,女,大三,物流管理,2021,江苏,17330997172,B区6栋476
STU000979,学生979,女,大三,工商管理,2021,北京,16550791704,B区6栋298
STU000980,学生980,女,大二,计算机科学,2023,上海,16466034277,C区4栋281
STU000981,学生981,女,大一,电子商务,2023,北京,14497341481,A区2栋277
STU000982,学生982,女,大四,计算机科学,2022,福建,15874807770,A区4栋141
STU000983,学生983,女,大四,信息管理,2020,福建,15934120892,D区3栋669
STU000984,学生984,男,大三,电子商务,2022,江苏,17740190407,C区2栋264
STU000985,学生985,女,大二,电子商务,2021,江苏,13156488296,C区1栋438
STU000986,学生986,女,大二,计算机科学,2023,湖北,14269017588,D区6栋258
STU000987,学生987,女,大二,数据科学,2023,福建,19763398699,A区2栋430
STU000988,学生988,女,大四,电子商务,2022,山东,13823668399,A区6栋408
STU000989,学生989,女,大三,计算机科学,2023,山东,13392168202,D区5栋663
STU000990,学生990,女,大一,电子商务,2021,浙江,16810751262,C区1栋425
STU000991,学生991,女,大四,市场营销,2023,福建,16621475287,B区2栋633
STU000992,学生992,女,大三,数据科学,2022,北京,17574641329,A区5栋263
STU000993,学生993,女,大三,工商管理,2021,北京,16393310667,D区5栋649
STU000994,学生994,女,大一,电子商务,2022,四川,14910614025,D区1栋457
STU000995,学生995,女,大一,市场营销,2023,上海,17222210617,B区2栋439
STU000996,学生996,男,大一,工商管理,2022,河南,15561616250,C区3栋400
STU000997,学生997,男,大二,工商管理,2022,山东,13404133583,B区5栋643
STU000998,学生998,女,大一,信息管理,2020,江苏,18828519068,D区5栋109
STU000999,学生999,女,大三,电子商务,2023,浙江,17622517939,A区6栋454
STU001000,学生1000,男,大一,计算机科学,2023,河南,17816328133,D区2栋349
